date_key,full_date,day,month,month_name,quarter,year,day_of_week,is_weekend
20050101,2005-01-01,1,1,January,1,2005,Saturday,1
20050102,2005-01-02,2,1,January,1,2005,Sunday,1
20050103,2005-01-03,3,1,January,1,2005,Monday,0
20050104,2005-01-04,4,1,January,1,2005,Tuesday,0
20050105,2005-01-05,5,1,January,1,2005,Wednesday,0
20050106,2005-01-06,6,1,January,1,2005,Thursday,0
20050107,2005-01-07,7,1,January,1,2005,Friday,0
20050108,2005-01-08,8,1,January,1,2005,Saturday,1
20050109,2005-01-09,9,1,January,1,2005,Sunday,1
20050110,2005-01-10,10,1,January,1,2005,Monday,0
20050111,2005-01-11,11,1,January,1,2005,Tuesday,0
20050112,2005-01-12,12,1,January,1,2005,Wednesday,0
20050113,2005-01-13,13,1,January,1,2005,Thursday,0
20050114,2005-01-14,14,1,January,1,2005,Friday,0
20050115,2005-01-15,15,1,January,1,2005,Saturday,1
20050116,2005-01-16,16,1,January,1,2005,Sunday,1
20050117,2005-01-17,17,1,January,1,2005,Monday,0
20050118,2005-01-18,18,1,January,1,2005,Tuesday,0
20050119,2005-01-19,19,1,January,1,2005,Wednesday,0
20050120,2005-01-20,20,1,January,1,2005,Thursday,0
20050121,2005-01-21,21,1,January,1,2005,Friday,0
20050122,2005-01-22,22,1,January,1,2005,Saturday,1
20050123,2005-01-23,23,1,January,1,2005,Sunday,1
20050124,2005-01-24,24,1,January,1,2005,Monday,0
20050125,2005-01-25,25,1,January,1,2005,Tuesday,0
20050126,2005-01-26,26,1,January,1,2005,Wednesday,0
20050127,2005-01-27,27,1,January,1,2005,Thursday,0
20050128,2005-01-28,28,1,January,1,2005,Friday,0
20050129,2005-01-29,29,1,January,1,2005,Saturday,1
20050130,2005-01-30,30,1,January,1,2005,Sunday,1
20050131,2005-01-31,31,1,January,1,2005,Monday,0
20050201,2005-02-01,1,2,February,1,2005,Tuesday,0
20050202,2005-02-02,2,2,February,1,2005,Wednesday,0
20050203,2005-02-03,3,2,February,1,2005,Thursday,0
20050204,2005-02-04,4,2,February,1,2005,Friday,0
20050205,2005-02-05,5,2,February,1,2005,Saturday,1
20050206,2005-02-06,6,2,February,1,2005,Sunday,1
20050207,2005-02-07,7,2,February,1,2005,Monday,0
20050208,2005-02-08,8,2,February,1,2005,Tuesday,0
20050209,2005-02-09,9,2,February,1,2005,Wednesday,0
20050210,2005-02-10,10,2,February,1,2005,Thursday,0
20050211,2005-02-11,11,2,February,1,2005,Friday,0
20050212,2005-02-12,12,2,February,1,2005,Saturday,1
20050213,2005-02-13,13,2,February,1,2005,Sunday,1
20050214,2005-02-14,14,2,February,1,2005,Monday,0
20050215,2005-02-15,15,2,February,1,2005,Tuesday,0
20050216,2005-02-16,16,2,February,1,2005,Wednesday,0
20050217,2005-02-17,17,2,February,1,2005,Thursday,0
20050218,2005-02-18,18,2,February,1,2005,Friday,0
20050219,2005-02-19,19,2,February,1,2005,Saturday,1
20050220,2005-02-20,20,2,February,1,2005,Sunday,1
20050221,2005-02-21,21,2,February,1,2005,Monday,0
20050222,2005-02-22,22,2,February,1,2005,Tuesday,0
20050223,2005-02-23,23,2,February,1,2005,Wednesday,0
20050224,2005-02-24,24,2,February,1,2005,Thursday,0
20050225,2005-02-25,25,2,February,1,2005,Friday,0
20050226,2005-02-26,26,2,February,1,2005,Saturday,1
20050227,2005-02-27,27,2,February,1,2005,Sunday,1
20050228,2005-02-28,28,2,February,1,2005,Monday,0
20050301,2005-03-01,1,3,March,1,2005,Tuesday,0
20050302,2005-03-02,2,3,March,1,2005,Wednesday,0
20050303,2005-03-03,3,3,March,1,2005,Thursday,0
20050304,2005-03-04,4,3,March,1,2005,Friday,0
20050305,2005-03-05,5,3,March,1,2005,Saturday,1
20050306,2005-03-06,6,3,March,1,2005,Sunday,1
20050307,2005-03-07,7,3,March,1,2005,Monday,0
20050308,2005-03-08,8,3,March,1,2005,Tuesday,0
20050309,2005-03-09,9,3,March,1,2005,Wednesday,0
20050310,2005-03-10,10,3,March,1,2005,Thursday,0
20050311,2005-03-11,11,3,March,1,2005,Friday,0
20050312,2005-03-12,12,3,March,1,2005,Saturday,1
20050313,2005-03-13,13,3,March,1,2005,Sunday,1
20050314,2005-03-14,14,3,March,1,2005,Monday,0
20050315,2005-03-15,15,3,March,1,2005,Tuesday,0
20050316,2005-03-16,16,3,March,1,2005,Wednesday,0
20050317,2005-03-17,17,3,March,1,2005,Thursday,0
20050318,2005-03-18,18,3,March,1,2005,Friday,0
20050319,2005-03-19,19,3,March,1,2005,Saturday,1
20050320,2005-03-20,20,3,March,1,2005,Sunday,1
20050321,2005-03-21,21,3,March,1,2005,Monday,0
20050322,2005-03-22,22,3,March,1,2005,Tuesday,0
20050323,2005-03-23,23,3,March,1,2005,Wednesday,0
20050324,2005-03-24,24,3,March,1,2005,Thursday,0
20050325,2005-03-25,25,3,March,1,2005,Friday,0
20050326,2005-03-26,26,3,March,1,2005,Saturday,1
20050327,2005-03-27,27,3,March,1,2005,Sunday,1
20050328,2005-03-28,28,3,March,1,2005,Monday,0
20050329,2005-03-29,29,3,March,1,2005,Tuesday,0
20050330,2005-03-30,30,3,March,1,2005,Wednesday,0
20050331,2005-03-31,31,3,March,1,2005,Thursday,0
20050401,2005-04-01,1,4,April,2,2005,Friday,0
20050402,2005-04-02,2,4,April,2,2005,Saturday,1
20050403,2005-04-03,3,4,April,2,2005,Sunday,1
20050404,2005-04-04,4,4,April,2,2005,Monday,0
20050405,2005-04-05,5,4,April,2,2005,Tuesday,0
20050406,2005-04-06,6,4,April,2,2005,Wednesday,0
20050407,2005-04-07,7,4,April,2,2005,Thursday,0
20050408,2005-04-08,8,4,April,2,2005,Friday,0
20050409,2005-04-09,9,4,April,2,2005,Saturday,1
20050410,2005-04-10,10,4,April,2,2005,Sunday,1
20050411,2005-04-11,11,4,April,2,2005,Monday,0
20050412,2005-04-12,12,4,April,2,2005,Tuesday,0
20050413,2005-04-13,13,4,April,2,2005,Wednesday,0
20050414,2005-04-14,14,4,April,2,2005,Thursday,0
20050415,2005-04-15,15,4,April,2,2005,Friday,0
20050416,2005-04-16,16,4,April,2,2005,Saturday,1
20050417,2005-04-17,17,4,April,2,2005,Sunday,1
20050418,2005-04-18,18,4,April,2,2005,Monday,0
20050419,2005-04-19,19,4,April,2,2005,Tuesday,0
20050420,2005-04-20,20,4,April,2,2005,Wednesday,0
20050421,2005-04-21,21,4,April,2,2005,Thursday,0
20050422,2005-04-22,22,4,April,2,2005,Friday,0
20050423,2005-04-23,23,4,April,2,2005,Saturday,1
20050424,2005-04-24,24,4,April,2,2005,Sunday,1
20050425,2005-04-25,25,4,April,2,2005,Monday,0
20050426,2005-04-26,26,4,April,2,2005,Tuesday,0
20050427,2005-04-27,27,4,April,2,2005,Wednesday,0
20050428,2005-04-28,28,4,April,2,2005,Thursday,0
20050429,2005-04-29,29,4,April,2,2005,Friday,0
20050430,2005-04-30,30,4,April,2,2005,Saturday,1
20050501,2005-05-01,1,5,May,2,2005,Sunday,1
20050502,2005-05-02,2,5,May,2,2005,Monday,0
20050503,2005-05-03,3,5,May,2,2005,Tuesday,0
20050504,2005-05-04,4,5,May,2,2005,Wednesday,0
20050505,2005-05-05,5,5,May,2,2005,Thursday,0
20050506,2005-05-06,6,5,May,2,2005,Friday,0
20050507,2005-05-07,7,5,May,2,2005,Saturday,1
20050508,2005-05-08,8,5,May,2,2005,Sunday,1
20050509,2005-05-09,9,5,May,2,2005,Monday,0
20050510,2005-05-10,10,5,May,2,2005,Tuesday,0
20050511,2005-05-11,11,5,May,2,2005,Wednesday,0
20050512,2005-05-12,12,5,May,2,2005,Thursday,0
20050513,2005-05-13,13,5,May,2,2005,Friday,0
20050514,2005-05-14,14,5,May,2,2005,Saturday,1
20050515,2005-05-15,15,5,May,2,2005,Sunday,1
20050516,2005-05-16,16,5,May,2,2005,Monday,0
20050517,2005-05-17,17,5,May,2,2005,Tuesday,0
20050518,2005-05-18,18,5,May,2,2005,Wednesday,0
20050519,2005-05-19,19,5,May,2,2005,Thursday,0
20050520,2005-05-20,20,5,May,2,2005,Friday,0
20050521,2005-05-21,21,5,May,2,2005,Saturday,1
20050522,2005-05-22,22,5,May,2,2005,Sunday,1
20050523,2005-05-23,23,5,May,2,2005,Monday,0
20050524,2005-05-24,24,5,May,2,2005,Tuesday,0
20050525,2005-05-25,25,5,May,2,2005,Wednesday,0
20050526,2005-05-26,26,5,May,2,2005,Thursday,0
20050527,2005-05-27,27,5,May,2,2005,Friday,0
20050528,2005-05-28,28,5,May,2,2005,Saturday,1
20050529,2005-05-29,29,5,May,2,2005,Sunday,1
20050530,2005-05-30,30,5,May,2,2005,Monday,0
20050531,2005-05-31,31,5,May,2,2005,Tuesday,0
20050601,2005-06-01,1,6,June,2,2005,Wednesday,0
20050602,2005-06-02,2,6,June,2,2005,Thursday,0
20050603,2005-06-03,3,6,June,2,2005,Friday,0
20050604,2005-06-04,4,6,June,2,2005,Saturday,1
20050605,2005-06-05,5,6,June,2,2005,Sunday,1
20050606,2005-06-06,6,6,June,2,2005,Monday,0
20050607,2005-06-07,7,6,June,2,2005,Tuesday,0
20050608,2005-06-08,8,6,June,2,2005,Wednesday,0
20050609,2005-06-09,9,6,June,2,2005,Thursday,0
20050610,2005-06-10,10,6,June,2,2005,Friday,0
20050611,2005-06-11,11,6,June,2,2005,Saturday,1
20050612,2005-06-12,12,6,June,2,2005,Sunday,1
20050613,2005-06-13,13,6,June,2,2005,Monday,0
20050614,2005-06-14,14,6,June,2,2005,Tuesday,0
20050615,2005-06-15,15,6,June,2,2005,Wednesday,0
20050616,2005-06-16,16,6,June,2,2005,Thursday,0
20050617,2005-06-17,17,6,June,2,2005,Friday,0
20050618,2005-06-18,18,6,June,2,2005,Saturday,1
20050619,2005-06-19,19,6,June,2,2005,Sunday,1
20050620,2005-06-20,20,6,June,2,2005,Monday,0
20050621,2005-06-21,21,6,June,2,2005,Tuesday,0
20050622,2005-06-22,22,6,June,2,2005,Wednesday,0
20050623,2005-06-23,23,6,June,2,2005,Thursday,0
20050624,2005-06-24,24,6,June,2,2005,Friday,0
20050625,2005-06-25,25,6,June,2,2005,Saturday,1
20050626,2005-06-26,26,6,June,2,2005,Sunday,1
20050627,2005-06-27,27,6,June,2,2005,Monday,0
20050628,2005-06-28,28,6,June,2,2005,Tuesday,0
20050629,2005-06-29,29,6,June,2,2005,Wednesday,0
20050630,2005-06-30,30,6,June,2,2005,Thursday,0
20050701,2005-07-01,1,7,July,3,2005,Friday,0
20050702,2005-07-02,2,7,July,3,2005,Saturday,1
20050703,2005-07-03,3,7,July,3,2005,Sunday,1
20050704,2005-07-04,4,7,July,3,2005,Monday,0
20050705,2005-07-05,5,7,July,3,2005,Tuesday,0
20050706,2005-07-06,6,7,July,3,2005,Wednesday,0
20050707,2005-07-07,7,7,July,3,2005,Thursday,0
20050708,2005-07-08,8,7,July,3,2005,Friday,0
20050709,2005-07-09,9,7,July,3,2005,Saturday,1
20050710,2005-07-10,10,7,July,3,2005,Sunday,1
20050711,2005-07-11,11,7,July,3,2005,Monday,0
20050712,2005-07-12,12,7,July,3,2005,Tuesday,0
20050713,2005-07-13,13,7,July,3,2005,Wednesday,0
20050714,2005-07-14,14,7,July,3,2005,Thursday,0
20050715,2005-07-15,15,7,July,3,2005,Friday,0
20050716,2005-07-16,16,7,July,3,2005,Saturday,1
20050717,2005-07-17,17,7,July,3,2005,Sunday,1
20050718,2005-07-18,18,7,July,3,2005,Monday,0
20050719,2005-07-19,19,7,July,3,2005,Tuesday,0
20050720,2005-07-20,20,7,July,3,2005,Wednesday,0
20050721,2005-07-21,21,7,July,3,2005,Thursday,0
20050722,2005-07-22,22,7,July,3,2005,Friday,0
20050723,2005-07-23,23,7,July,3,2005,Saturday,1
20050724,2005-07-24,24,7,July,3,2005,Sunday,1
20050725,2005-07-25,25,7,July,3,2005,Monday,0
20050726,2005-07-26,26,7,July,3,2005,Tuesday,0
20050727,2005-07-27,27,7,July,3,2005,Wednesday,0
20050728,2005-07-28,28,7,July,3,2005,Thursday,0
20050729,2005-07-29,29,7,July,3,2005,Friday,0
20050730,2005-07-30,30,7,July,3,2005,Saturday,1
20050731,2005-07-31,31,7,July,3,2005,Sunday,1
20050801,2005-08-01,1,8,August,3,2005,Monday,0
20050802,2005-08-02,2,8,August,3,2005,Tuesday,0
20050803,2005-08-03,3,8,August,3,2005,Wednesday,0
20050804,2005-08-04,4,8,August,3,2005,Thursday,0
20050805,2005-08-05,5,8,August,3,2005,Friday,0
20050806,2005-08-06,6,8,August,3,2005,Saturday,1
20050807,2005-08-07,7,8,August,3,2005,Sunday,1
20050808,2005-08-08,8,8,August,3,2005,Monday,0
20050809,2005-08-09,9,8,August,3,2005,Tuesday,0
20050810,2005-08-10,10,8,August,3,2005,Wednesday,0
20050811,2005-08-11,11,8,August,3,2005,Thursday,0
20050812,2005-08-12,12,8,August,3,2005,Friday,0
20050813,2005-08-13,13,8,August,3,2005,Saturday,1
20050814,2005-08-14,14,8,August,3,2005,Sunday,1
20050815,2005-08-15,15,8,August,3,2005,Monday,0
20050816,2005-08-16,16,8,August,3,2005,Tuesday,0
20050817,2005-08-17,17,8,August,3,2005,Wednesday,0
20050818,2005-08-18,18,8,August,3,2005,Thursday,0
20050819,2005-08-19,19,8,August,3,2005,Friday,0
20050820,2005-08-20,20,8,August,3,2005,Saturday,1
20050821,2005-08-21,21,8,August,3,2005,Sunday,1
20050822,2005-08-22,22,8,August,3,2005,Monday,0
20050823,2005-08-23,23,8,August,3,2005,Tuesday,0
20050824,2005-08-24,24,8,August,3,2005,Wednesday,0
20050825,2005-08-25,25,8,August,3,2005,Thursday,0
20050826,2005-08-26,26,8,August,3,2005,Friday,0
20050827,2005-08-27,27,8,August,3,2005,Saturday,1
20050828,2005-08-28,28,8,August,3,2005,Sunday,1
20050829,2005-08-29,29,8,August,3,2005,Monday,0
20050830,2005-08-30,30,8,August,3,2005,Tuesday,0
20050831,2005-08-31,31,8,August,3,2005,Wednesday,0
20050901,2005-09-01,1,9,September,3,2005,Thursday,0
20050902,2005-09-02,2,9,September,3,2005,Friday,0
20050903,2005-09-03,3,9,September,3,2005,Saturday,1
20050904,2005-09-04,4,9,September,3,2005,Sunday,1
20050905,2005-09-05,5,9,September,3,2005,Monday,0
20050906,2005-09-06,6,9,September,3,2005,Tuesday,0
20050907,2005-09-07,7,9,September,3,2005,Wednesday,0
20050908,2005-09-08,8,9,September,3,2005,Thursday,0
20050909,2005-09-09,9,9,September,3,2005,Friday,0
20050910,2005-09-10,10,9,September,3,2005,Saturday,1
20050911,2005-09-11,11,9,September,3,2005,Sunday,1
20050912,2005-09-12,12,9,September,3,2005,Monday,0
20050913,2005-09-13,13,9,September,3,2005,Tuesday,0
20050914,2005-09-14,14,9,September,3,2005,Wednesday,0
20050915,2005-09-15,15,9,September,3,2005,Thursday,0
20050916,2005-09-16,16,9,September,3,2005,Friday,0
20050917,2005-09-17,17,9,September,3,2005,Saturday,1
20050918,2005-09-18,18,9,September,3,2005,Sunday,1
20050919,2005-09-19,19,9,September,3,2005,Monday,0
20050920,2005-09-20,20,9,September,3,2005,Tuesday,0
20050921,2005-09-21,21,9,September,3,2005,Wednesday,0
20050922,2005-09-22,22,9,September,3,2005,Thursday,0
20050923,2005-09-23,23,9,September,3,2005,Friday,0
20050924,2005-09-24,24,9,September,3,2005,Saturday,1
20050925,2005-09-25,25,9,September,3,2005,Sunday,1
20050926,2005-09-26,26,9,September,3,2005,Monday,0
20050927,2005-09-27,27,9,September,3,2005,Tuesday,0
20050928,2005-09-28,28,9,September,3,2005,Wednesday,0
20050929,2005-09-29,29,9,September,3,2005,Thursday,0
20050930,2005-09-30,30,9,September,3,2005,Friday,0
20051001,2005-10-01,1,10,October,4,2005,Saturday,1
20051002,2005-10-02,2,10,October,4,2005,Sunday,1
20051003,2005-10-03,3,10,October,4,2005,Monday,0
20051004,2005-10-04,4,10,October,4,2005,Tuesday,0
20051005,2005-10-05,5,10,October,4,2005,Wednesday,0
20051006,2005-10-06,6,10,October,4,2005,Thursday,0
20051007,2005-10-07,7,10,October,4,2005,Friday,0
20051008,2005-10-08,8,10,October,4,2005,Saturday,1
20051009,2005-10-09,9,10,October,4,2005,Sunday,1
20051010,2005-10-10,10,10,October,4,2005,Monday,0
20051011,2005-10-11,11,10,October,4,2005,Tuesday,0
20051012,2005-10-12,12,10,October,4,2005,Wednesday,0
20051013,2005-10-13,13,10,October,4,2005,Thursday,0
20051014,2005-10-14,14,10,October,4,2005,Friday,0
20051015,2005-10-15,15,10,October,4,2005,Saturday,1
20051016,2005-10-16,16,10,October,4,2005,Sunday,1
20051017,2005-10-17,17,10,October,4,2005,Monday,0
20051018,2005-10-18,18,10,October,4,2005,Tuesday,0
20051019,2005-10-19,19,10,October,4,2005,Wednesday,0
20051020,2005-10-20,20,10,October,4,2005,Thursday,0
20051021,2005-10-21,21,10,October,4,2005,Friday,0
20051022,2005-10-22,22,10,October,4,2005,Saturday,1
20051023,2005-10-23,23,10,October,4,2005,Sunday,1
20051024,2005-10-24,24,10,October,4,2005,Monday,0
20051025,2005-10-25,25,10,October,4,2005,Tuesday,0
20051026,2005-10-26,26,10,October,4,2005,Wednesday,0
20051027,2005-10-27,27,10,October,4,2005,Thursday,0
20051028,2005-10-28,28,10,October,4,2005,Friday,0
20051029,2005-10-29,29,10,October,4,2005,Saturday,1
20051030,2005-10-30,30,10,October,4,2005,Sunday,1
20051031,2005-10-31,31,10,October,4,2005,Monday,0
20051101,2005-11-01,1,11,November,4,2005,Tuesday,0
20051102,2005-11-02,2,11,November,4,2005,Wednesday,0
20051103,2005-11-03,3,11,November,4,2005,Thursday,0
20051104,2005-11-04,4,11,November,4,2005,Friday,0
20051105,2005-11-05,5,11,November,4,2005,Saturday,1
20051106,2005-11-06,6,11,November,4,2005,Sunday,1
20051107,2005-11-07,7,11,November,4,2005,Monday,0
20051108,2005-11-08,8,11,November,4,2005,Tuesday,0
20051109,2005-11-09,9,11,November,4,2005,Wednesday,0
20051110,2005-11-10,10,11,November,4,2005,Thursday,0
20051111,2005-11-11,11,11,November,4,2005,Friday,0
20051112,2005-11-12,12,11,November,4,2005,Saturday,1
20051113,2005-11-13,13,11,November,4,2005,Sunday,1
20051114,2005-11-14,14,11,November,4,2005,Monday,0
20051115,2005-11-15,15,11,November,4,2005,Tuesday,0
20051116,2005-11-16,16,11,November,4,2005,Wednesday,0
20051117,2005-11-17,17,11,November,4,2005,Thursday,0
20051118,2005-11-18,18,11,November,4,2005,Friday,0
20051119,2005-11-19,19,11,November,4,2005,Saturday,1
20051120,2005-11-20,20,11,November,4,2005,Sunday,1
20051121,2005-11-21,21,11,November,4,2005,Monday,0
20051122,2005-11-22,22,11,November,4,2005,Tuesday,0
20051123,2005-11-23,23,11,November,4,2005,Wednesday,0
20051124,2005-11-24,24,11,November,4,2005,Thursday,0
20051125,2005-11-25,25,11,November,4,2005,Friday,0
20051126,2005-11-26,26,11,November,4,2005,Saturday,1
20051127,2005-11-27,27,11,November,4,2005,Sunday,1
20051128,2005-11-28,28,11,November,4,2005,Monday,0
20051129,2005-11-29,29,11,November,4,2005,Tuesday,0
20051130,2005-11-30,30,11,November,4,2005,Wednesday,0
20051201,2005-12-01,1,12,December,4,2005,Thursday,0
20051202,2005-12-02,2,12,December,4,2005,Friday,0
20051203,2005-12-03,3,12,December,4,2005,Saturday,1
20051204,2005-12-04,4,12,December,4,2005,Sunday,1
20051205,2005-12-05,5,12,December,4,2005,Monday,0
20051206,2005-12-06,6,12,December,4,2005,Tuesday,0
20051207,2005-12-07,7,12,December,4,2005,Wednesday,0
20051208,2005-12-08,8,12,December,4,2005,Thursday,0
20051209,2005-12-09,9,12,December,4,2005,Friday,0
20051210,2005-12-10,10,12,December,4,2005,Saturday,1
20051211,2005-12-11,11,12,December,4,2005,Sunday,1
20051212,2005-12-12,12,12,December,4,2005,Monday,0
20051213,2005-12-13,13,12,December,4,2005,Tuesday,0
20051214,2005-12-14,14,12,December,4,2005,Wednesday,0
20051215,2005-12-15,15,12,December,4,2005,Thursday,0
20051216,2005-12-16,16,12,December,4,2005,Friday,0
20051217,2005-12-17,17,12,December,4,2005,Saturday,1
20051218,2005-12-18,18,12,December,4,2005,Sunday,1
20051219,2005-12-19,19,12,December,4,2005,Monday,0
20051220,2005-12-20,20,12,December,4,2005,Tuesday,0
20051221,2005-12-21,21,12,December,4,2005,Wednesday,0
20051222,2005-12-22,22,12,December,4,2005,Thursday,0
20051223,2005-12-23,23,12,December,4,2005,Friday,0
20051224,2005-12-24,24,12,December,4,2005,Saturday,1
20051225,2005-12-25,25,12,December,4,2005,Sunday,1
20051226,2005-12-26,26,12,December,4,2005,Monday,0
20051227,2005-12-27,27,12,December,4,2005,Tuesday,0
20051228,2005-12-28,28,12,December,4,2005,Wednesday,0
20051229,2005-12-29,29,12,December,4,2005,Thursday,0
20051230,2005-12-30,30,12,December,4,2005,Friday,0
20051231,2005-12-31,31,12,December,4,2005,Saturday,1
20060101,2006-01-01,1,1,January,1,2006,Sunday,1
20060102,2006-01-02,2,1,January,1,2006,Monday,0
20060103,2006-01-03,3,1,January,1,2006,Tuesday,0
20060104,2006-01-04,4,1,January,1,2006,Wednesday,0
20060105,2006-01-05,5,1,January,1,2006,Thursday,0
20060106,2006-01-06,6,1,January,1,2006,Friday,0
20060107,2006-01-07,7,1,January,1,2006,Saturday,1
20060108,2006-01-08,8,1,January,1,2006,Sunday,1
20060109,2006-01-09,9,1,January,1,2006,Monday,0
20060110,2006-01-10,10,1,January,1,2006,Tuesday,0
20060111,2006-01-11,11,1,January,1,2006,Wednesday,0
20060112,2006-01-12,12,1,January,1,2006,Thursday,0
20060113,2006-01-13,13,1,January,1,2006,Friday,0
20060114,2006-01-14,14,1,January,1,2006,Saturday,1
20060115,2006-01-15,15,1,January,1,2006,Sunday,1
20060116,2006-01-16,16,1,January,1,2006,Monday,0
20060117,2006-01-17,17,1,January,1,2006,Tuesday,0
20060118,2006-01-18,18,1,January,1,2006,Wednesday,0
20060119,2006-01-19,19,1,January,1,2006,Thursday,0
20060120,2006-01-20,20,1,January,1,2006,Friday,0
20060121,2006-01-21,21,1,January,1,2006,Saturday,1
20060122,2006-01-22,22,1,January,1,2006,Sunday,1
20060123,2006-01-23,23,1,January,1,2006,Monday,0
20060124,2006-01-24,24,1,January,1,2006,Tuesday,0
20060125,2006-01-25,25,1,January,1,2006,Wednesday,0
20060126,2006-01-26,26,1,January,1,2006,Thursday,0
20060127,2006-01-27,27,1,January,1,2006,Friday,0
20060128,2006-01-28,28,1,January,1,2006,Saturday,1
20060129,2006-01-29,29,1,January,1,2006,Sunday,1
20060130,2006-01-30,30,1,January,1,2006,Monday,0
20060131,2006-01-31,31,1,January,1,2006,Tuesday,0
20060201,2006-02-01,1,2,February,1,2006,Wednesday,0
20060202,2006-02-02,2,2,February,1,2006,Thursday,0
20060203,2006-02-03,3,2,February,1,2006,Friday,0
20060204,2006-02-04,4,2,February,1,2006,Saturday,1
20060205,2006-02-05,5,2,February,1,2006,Sunday,1
20060206,2006-02-06,6,2,February,1,2006,Monday,0
20060207,2006-02-07,7,2,February,1,2006,Tuesday,0
20060208,2006-02-08,8,2,February,1,2006,Wednesday,0
20060209,2006-02-09,9,2,February,1,2006,Thursday,0
20060210,2006-02-10,10,2,February,1,2006,Friday,0
20060211,2006-02-11,11,2,February,1,2006,Saturday,1
20060212,2006-02-12,12,2,February,1,2006,Sunday,1
20060213,2006-02-13,13,2,February,1,2006,Monday,0
20060214,2006-02-14,14,2,February,1,2006,Tuesday,0
20060215,2006-02-15,15,2,February,1,2006,Wednesday,0
20060216,2006-02-16,16,2,February,1,2006,Thursday,0
20060217,2006-02-17,17,2,February,1,2006,Friday,0
20060218,2006-02-18,18,2,February,1,2006,Saturday,1
20060219,2006-02-19,19,2,February,1,2006,Sunday,1
20060220,2006-02-20,20,2,February,1,2006,Monday,0
20060221,2006-02-21,21,2,February,1,2006,Tuesday,0
20060222,2006-02-22,22,2,February,1,2006,Wednesday,0
20060223,2006-02-23,23,2,February,1,2006,Thursday,0
20060224,2006-02-24,24,2,February,1,2006,Friday,0
20060225,2006-02-25,25,2,February,1,2006,Saturday,1
20060226,2006-02-26,26,2,February,1,2006,Sunday,1
20060227,2006-02-27,27,2,February,1,2006,Monday,0
20060228,2006-02-28,28,2,February,1,2006,Tuesday,0
20060301,2006-03-01,1,3,March,1,2006,Wednesday,0
20060302,2006-03-02,2,3,March,1,2006,Thursday,0
20060303,2006-03-03,3,3,March,1,2006,Friday,0
20060304,2006-03-04,4,3,March,1,2006,Saturday,1
20060305,2006-03-05,5,3,March,1,2006,Sunday,1
20060306,2006-03-06,6,3,March,1,2006,Monday,0
20060307,2006-03-07,7,3,March,1,2006,Tuesday,0
20060308,2006-03-08,8,3,March,1,2006,Wednesday,0
20060309,2006-03-09,9,3,March,1,2006,Thursday,0
20060310,2006-03-10,10,3,March,1,2006,Friday,0
20060311,2006-03-11,11,3,March,1,2006,Saturday,1
20060312,2006-03-12,12,3,March,1,2006,Sunday,1
20060313,2006-03-13,13,3,March,1,2006,Monday,0
20060314,2006-03-14,14,3,March,1,2006,Tuesday,0
20060315,2006-03-15,15,3,March,1,2006,Wednesday,0
20060316,2006-03-16,16,3,March,1,2006,Thursday,0
20060317,2006-03-17,17,3,March,1,2006,Friday,0
20060318,2006-03-18,18,3,March,1,2006,Saturday,1
20060319,2006-03-19,19,3,March,1,2006,Sunday,1
20060320,2006-03-20,20,3,March,1,2006,Monday,0
20060321,2006-03-21,21,3,March,1,2006,Tuesday,0
20060322,2006-03-22,22,3,March,1,2006,Wednesday,0
20060323,2006-03-23,23,3,March,1,2006,Thursday,0
20060324,2006-03-24,24,3,March,1,2006,Friday,0
20060325,2006-03-25,25,3,March,1,2006,Saturday,1
20060326,2006-03-26,26,3,March,1,2006,Sunday,1
20060327,2006-03-27,27,3,March,1,2006,Monday,0
20060328,2006-03-28,28,3,March,1,2006,Tuesday,0
20060329,2006-03-29,29,3,March,1,2006,Wednesday,0
20060330,2006-03-30,30,3,March,1,2006,Thursday,0
20060331,2006-03-31,31,3,March,1,2006,Friday,0
20060401,2006-04-01,1,4,April,2,2006,Saturday,1
20060402,2006-04-02,2,4,April,2,2006,Sunday,1
20060403,2006-04-03,3,4,April,2,2006,Monday,0
20060404,2006-04-04,4,4,April,2,2006,Tuesday,0
20060405,2006-04-05,5,4,April,2,2006,Wednesday,0
20060406,2006-04-06,6,4,April,2,2006,Thursday,0
20060407,2006-04-07,7,4,April,2,2006,Friday,0
20060408,2006-04-08,8,4,April,2,2006,Saturday,1
20060409,2006-04-09,9,4,April,2,2006,Sunday,1
20060410,2006-04-10,10,4,April,2,2006,Monday,0
20060411,2006-04-11,11,4,April,2,2006,Tuesday,0
20060412,2006-04-12,12,4,April,2,2006,Wednesday,0
20060413,2006-04-13,13,4,April,2,2006,Thursday,0
20060414,2006-04-14,14,4,April,2,2006,Friday,0
20060415,2006-04-15,15,4,April,2,2006,Saturday,1
20060416,2006-04-16,16,4,April,2,2006,Sunday,1
20060417,2006-04-17,17,4,April,2,2006,Monday,0
20060418,2006-04-18,18,4,April,2,2006,Tuesday,0
20060419,2006-04-19,19,4,April,2,2006,Wednesday,0
20060420,2006-04-20,20,4,April,2,2006,Thursday,0
20060421,2006-04-21,21,4,April,2,2006,Friday,0
20060422,2006-04-22,22,4,April,2,2006,Saturday,1
20060423,2006-04-23,23,4,April,2,2006,Sunday,1
20060424,2006-04-24,24,4,April,2,2006,Monday,0
20060425,2006-04-25,25,4,April,2,2006,Tuesday,0
20060426,2006-04-26,26,4,April,2,2006,Wednesday,0
20060427,2006-04-27,27,4,April,2,2006,Thursday,0
20060428,2006-04-28,28,4,April,2,2006,Friday,0
20060429,2006-04-29,29,4,April,2,2006,Saturday,1
20060430,2006-04-30,30,4,April,2,2006,Sunday,1
20060501,2006-05-01,1,5,May,2,2006,Monday,0
20060502,2006-05-02,2,5,May,2,2006,Tuesday,0
20060503,2006-05-03,3,5,May,2,2006,Wednesday,0
20060504,2006-05-04,4,5,May,2,2006,Thursday,0
20060505,2006-05-05,5,5,May,2,2006,Friday,0
20060506,2006-05-06,6,5,May,2,2006,Saturday,1
20060507,2006-05-07,7,5,May,2,2006,Sunday,1
20060508,2006-05-08,8,5,May,2,2006,Monday,0
20060509,2006-05-09,9,5,May,2,2006,Tuesday,0
20060510,2006-05-10,10,5,May,2,2006,Wednesday,0
20060511,2006-05-11,11,5,May,2,2006,Thursday,0
20060512,2006-05-12,12,5,May,2,2006,Friday,0
20060513,2006-05-13,13,5,May,2,2006,Saturday,1
20060514,2006-05-14,14,5,May,2,2006,Sunday,1
20060515,2006-05-15,15,5,May,2,2006,Monday,0
20060516,2006-05-16,16,5,May,2,2006,Tuesday,0
20060517,2006-05-17,17,5,May,2,2006,Wednesday,0
20060518,2006-05-18,18,5,May,2,2006,Thursday,0
20060519,2006-05-19,19,5,May,2,2006,Friday,0
20060520,2006-05-20,20,5,May,2,2006,Saturday,1
20060521,2006-05-21,21,5,May,2,2006,Sunday,1
20060522,2006-05-22,22,5,May,2,2006,Monday,0
20060523,2006-05-23,23,5,May,2,2006,Tuesday,0
20060524,2006-05-24,24,5,May,2,2006,Wednesday,0
20060525,2006-05-25,25,5,May,2,2006,Thursday,0
20060526,2006-05-26,26,5,May,2,2006,Friday,0
20060527,2006-05-27,27,5,May,2,2006,Saturday,1
20060528,2006-05-28,28,5,May,2,2006,Sunday,1
20060529,2006-05-29,29,5,May,2,2006,Monday,0
20060530,2006-05-30,30,5,May,2,2006,Tuesday,0
20060531,2006-05-31,31,5,May,2,2006,Wednesday,0
20060601,2006-06-01,1,6,June,2,2006,Thursday,0
20060602,2006-06-02,2,6,June,2,2006,Friday,0
20060603,2006-06-03,3,6,June,2,2006,Saturday,1
20060604,2006-06-04,4,6,June,2,2006,Sunday,1
20060605,2006-06-05,5,6,June,2,2006,Monday,0
20060606,2006-06-06,6,6,June,2,2006,Tuesday,0
20060607,2006-06-07,7,6,June,2,2006,Wednesday,0
20060608,2006-06-08,8,6,June,2,2006,Thursday,0
20060609,2006-06-09,9,6,June,2,2006,Friday,0
20060610,2006-06-10,10,6,June,2,2006,Saturday,1
20060611,2006-06-11,11,6,June,2,2006,Sunday,1
20060612,2006-06-12,12,6,June,2,2006,Monday,0
20060613,2006-06-13,13,6,June,2,2006,Tuesday,0
20060614,2006-06-14,14,6,June,2,2006,Wednesday,0
20060615,2006-06-15,15,6,June,2,2006,Thursday,0
20060616,2006-06-16,16,6,June,2,2006,Friday,0
20060617,2006-06-17,17,6,June,2,2006,Saturday,1
20060618,2006-06-18,18,6,June,2,2006,Sunday,1
20060619,2006-06-19,19,6,June,2,2006,Monday,0
20060620,2006-06-20,20,6,June,2,2006,Tuesday,0
20060621,2006-06-21,21,6,June,2,2006,Wednesday,0
20060622,2006-06-22,22,6,June,2,2006,Thursday,0
20060623,2006-06-23,23,6,June,2,2006,Friday,0
20060624,2006-06-24,24,6,June,2,2006,Saturday,1
20060625,2006-06-25,25,6,June,2,2006,Sunday,1
20060626,2006-06-26,26,6,June,2,2006,Monday,0
20060627,2006-06-27,27,6,June,2,2006,Tuesday,0
20060628,2006-06-28,28,6,June,2,2006,Wednesday,0
20060629,2006-06-29,29,6,June,2,2006,Thursday,0
20060630,2006-06-30,30,6,June,2,2006,Friday,0
20060701,2006-07-01,1,7,July,3,2006,Saturday,1
20060702,2006-07-02,2,7,July,3,2006,Sunday,1
20060703,2006-07-03,3,7,July,3,2006,Monday,0
20060704,2006-07-04,4,7,July,3,2006,Tuesday,0
20060705,2006-07-05,5,7,July,3,2006,Wednesday,0
20060706,2006-07-06,6,7,July,3,2006,Thursday,0
20060707,2006-07-07,7,7,July,3,2006,Friday,0
20060708,2006-07-08,8,7,July,3,2006,Saturday,1
20060709,2006-07-09,9,7,July,3,2006,Sunday,1
20060710,2006-07-10,10,7,July,3,2006,Monday,0
20060711,2006-07-11,11,7,July,3,2006,Tuesday,0
20060712,2006-07-12,12,7,July,3,2006,Wednesday,0
20060713,2006-07-13,13,7,July,3,2006,Thursday,0
20060714,2006-07-14,14,7,July,3,2006,Friday,0
20060715,2006-07-15,15,7,July,3,2006,Saturday,1
20060716,2006-07-16,16,7,July,3,2006,Sunday,1
20060717,2006-07-17,17,7,July,3,2006,Monday,0
20060718,2006-07-18,18,7,July,3,2006,Tuesday,0
20060719,2006-07-19,19,7,July,3,2006,Wednesday,0
20060720,2006-07-20,20,7,July,3,2006,Thursday,0
20060721,2006-07-21,21,7,July,3,2006,Friday,0
20060722,2006-07-22,22,7,July,3,2006,Saturday,1
20060723,2006-07-23,23,7,July,3,2006,Sunday,1
20060724,2006-07-24,24,7,July,3,2006,Monday,0
20060725,2006-07-25,25,7,July,3,2006,Tuesday,0
20060726,2006-07-26,26,7,July,3,2006,Wednesday,0
20060727,2006-07-27,27,7,July,3,2006,Thursday,0
20060728,2006-07-28,28,7,July,3,2006,Friday,0
20060729,2006-07-29,29,7,July,3,2006,Saturday,1
20060730,2006-07-30,30,7,July,3,2006,Sunday,1
20060731,2006-07-31,31,7,July,3,2006,Monday,0
20060801,2006-08-01,1,8,August,3,2006,Tuesday,0
20060802,2006-08-02,2,8,August,3,2006,Wednesday,0
20060803,2006-08-03,3,8,August,3,2006,Thursday,0
20060804,2006-08-04,4,8,August,3,2006,Friday,0
20060805,2006-08-05,5,8,August,3,2006,Saturday,1
20060806,2006-08-06,6,8,August,3,2006,Sunday,1
20060807,2006-08-07,7,8,August,3,2006,Monday,0
20060808,2006-08-08,8,8,August,3,2006,Tuesday,0
20060809,2006-08-09,9,8,August,3,2006,Wednesday,0
20060810,2006-08-10,10,8,August,3,2006,Thursday,0
20060811,2006-08-11,11,8,August,3,2006,Friday,0
20060812,2006-08-12,12,8,August,3,2006,Saturday,1
20060813,2006-08-13,13,8,August,3,2006,Sunday,1
20060814,2006-08-14,14,8,August,3,2006,Monday,0
20060815,2006-08-15,15,8,August,3,2006,Tuesday,0
20060816,2006-08-16,16,8,August,3,2006,Wednesday,0
20060817,2006-08-17,17,8,August,3,2006,Thursday,0
20060818,2006-08-18,18,8,August,3,2006,Friday,0
20060819,2006-08-19,19,8,August,3,2006,Saturday,1
20060820,2006-08-20,20,8,August,3,2006,Sunday,1
20060821,2006-08-21,21,8,August,3,2006,Monday,0
20060822,2006-08-22,22,8,August,3,2006,Tuesday,0
20060823,2006-08-23,23,8,August,3,2006,Wednesday,0
20060824,2006-08-24,24,8,August,3,2006,Thursday,0
20060825,2006-08-25,25,8,August,3,2006,Friday,0
20060826,2006-08-26,26,8,August,3,2006,Saturday,1
20060827,2006-08-27,27,8,August,3,2006,Sunday,1
20060828,2006-08-28,28,8,August,3,2006,Monday,0
20060829,2006-08-29,29,8,August,3,2006,Tuesday,0
20060830,2006-08-30,30,8,August,3,2006,Wednesday,0
20060831,2006-08-31,31,8,August,3,2006,Thursday,0
20060901,2006-09-01,1,9,September,3,2006,Friday,0
20060902,2006-09-02,2,9,September,3,2006,Saturday,1
20060903,2006-09-03,3,9,September,3,2006,Sunday,1
20060904,2006-09-04,4,9,September,3,2006,Monday,0
20060905,2006-09-05,5,9,September,3,2006,Tuesday,0
20060906,2006-09-06,6,9,September,3,2006,Wednesday,0
20060907,2006-09-07,7,9,September,3,2006,Thursday,0
20060908,2006-09-08,8,9,September,3,2006,Friday,0
20060909,2006-09-09,9,9,September,3,2006,Saturday,1
20060910,2006-09-10,10,9,September,3,2006,Sunday,1
20060911,2006-09-11,11,9,September,3,2006,Monday,0
20060912,2006-09-12,12,9,September,3,2006,Tuesday,0
20060913,2006-09-13,13,9,September,3,2006,Wednesday,0
20060914,2006-09-14,14,9,September,3,2006,Thursday,0
20060915,2006-09-15,15,9,September,3,2006,Friday,0
20060916,2006-09-16,16,9,September,3,2006,Saturday,1
20060917,2006-09-17,17,9,September,3,2006,Sunday,1
20060918,2006-09-18,18,9,September,3,2006,Monday,0
20060919,2006-09-19,19,9,September,3,2006,Tuesday,0
20060920,2006-09-20,20,9,September,3,2006,Wednesday,0
20060921,2006-09-21,21,9,September,3,2006,Thursday,0
20060922,2006-09-22,22,9,September,3,2006,Friday,0
20060923,2006-09-23,23,9,September,3,2006,Saturday,1
20060924,2006-09-24,24,9,September,3,2006,Sunday,1
20060925,2006-09-25,25,9,September,3,2006,Monday,0
20060926,2006-09-26,26,9,September,3,2006,Tuesday,0
20060927,2006-09-27,27,9,September,3,2006,Wednesday,0
20060928,2006-09-28,28,9,September,3,2006,Thursday,0
20060929,2006-09-29,29,9,September,3,2006,Friday,0
20060930,2006-09-30,30,9,September,3,2006,Saturday,1
20061001,2006-10-01,1,10,October,4,2006,Sunday,1
20061002,2006-10-02,2,10,October,4,2006,Monday,0
20061003,2006-10-03,3,10,October,4,2006,Tuesday,0
20061004,2006-10-04,4,10,October,4,2006,Wednesday,0
20061005,2006-10-05,5,10,October,4,2006,Thursday,0
20061006,2006-10-06,6,10,October,4,2006,Friday,0
20061007,2006-10-07,7,10,October,4,2006,Saturday,1
20061008,2006-10-08,8,10,October,4,2006,Sunday,1
20061009,2006-10-09,9,10,October,4,2006,Monday,0
20061010,2006-10-10,10,10,October,4,2006,Tuesday,0
20061011,2006-10-11,11,10,October,4,2006,Wednesday,0
20061012,2006-10-12,12,10,October,4,2006,Thursday,0
20061013,2006-10-13,13,10,October,4,2006,Friday,0
20061014,2006-10-14,14,10,October,4,2006,Saturday,1
20061015,2006-10-15,15,10,October,4,2006,Sunday,1
20061016,2006-10-16,16,10,October,4,2006,Monday,0
20061017,2006-10-17,17,10,October,4,2006,Tuesday,0
20061018,2006-10-18,18,10,October,4,2006,Wednesday,0
20061019,2006-10-19,19,10,October,4,2006,Thursday,0
20061020,2006-10-20,20,10,October,4,2006,Friday,0
20061021,2006-10-21,21,10,October,4,2006,Saturday,1
20061022,2006-10-22,22,10,October,4,2006,Sunday,1
20061023,2006-10-23,23,10,October,4,2006,Monday,0
20061024,2006-10-24,24,10,October,4,2006,Tuesday,0
20061025,2006-10-25,25,10,October,4,2006,Wednesday,0
20061026,2006-10-26,26,10,October,4,2006,Thursday,0
20061027,2006-10-27,27,10,October,4,2006,Friday,0
20061028,2006-10-28,28,10,October,4,2006,Saturday,1
20061029,2006-10-29,29,10,October,4,2006,Sunday,1
20061030,2006-10-30,30,10,October,4,2006,Monday,0
20061031,2006-10-31,31,10,October,4,2006,Tuesday,0
20061101,2006-11-01,1,11,November,4,2006,Wednesday,0
20061102,2006-11-02,2,11,November,4,2006,Thursday,0
20061103,2006-11-03,3,11,November,4,2006,Friday,0
20061104,2006-11-04,4,11,November,4,2006,Saturday,1
20061105,2006-11-05,5,11,November,4,2006,Sunday,1
20061106,2006-11-06,6,11,November,4,2006,Monday,0
20061107,2006-11-07,7,11,November,4,2006,Tuesday,0
20061108,2006-11-08,8,11,November,4,2006,Wednesday,0
20061109,2006-11-09,9,11,November,4,2006,Thursday,0
20061110,2006-11-10,10,11,November,4,2006,Friday,0
20061111,2006-11-11,11,11,November,4,2006,Saturday,1
20061112,2006-11-12,12,11,November,4,2006,Sunday,1
20061113,2006-11-13,13,11,November,4,2006,Monday,0
20061114,2006-11-14,14,11,November,4,2006,Tuesday,0
20061115,2006-11-15,15,11,November,4,2006,Wednesday,0
20061116,2006-11-16,16,11,November,4,2006,Thursday,0
20061117,2006-11-17,17,11,November,4,2006,Friday,0
20061118,2006-11-18,18,11,November,4,2006,Saturday,1
20061119,2006-11-19,19,11,November,4,2006,Sunday,1
20061120,2006-11-20,20,11,November,4,2006,Monday,0
20061121,2006-11-21,21,11,November,4,2006,Tuesday,0
20061122,2006-11-22,22,11,November,4,2006,Wednesday,0
20061123,2006-11-23,23,11,November,4,2006,Thursday,0
20061124,2006-11-24,24,11,November,4,2006,Friday,0
20061125,2006-11-25,25,11,November,4,2006,Saturday,1
20061126,2006-11-26,26,11,November,4,2006,Sunday,1
20061127,2006-11-27,27,11,November,4,2006,Monday,0
20061128,2006-11-28,28,11,November,4,2006,Tuesday,0
20061129,2006-11-29,29,11,November,4,2006,Wednesday,0
20061130,2006-11-30,30,11,November,4,2006,Thursday,0
20061201,2006-12-01,1,12,December,4,2006,Friday,0
20061202,2006-12-02,2,12,December,4,2006,Saturday,1
20061203,2006-12-03,3,12,December,4,2006,Sunday,1
20061204,2006-12-04,4,12,December,4,2006,Monday,0
20061205,2006-12-05,5,12,December,4,2006,Tuesday,0
20061206,2006-12-06,6,12,December,4,2006,Wednesday,0
20061207,2006-12-07,7,12,December,4,2006,Thursday,0
20061208,2006-12-08,8,12,December,4,2006,Friday,0
20061209,2006-12-09,9,12,December,4,2006,Saturday,1
20061210,2006-12-10,10,12,December,4,2006,Sunday,1
20061211,2006-12-11,11,12,December,4,2006,Monday,0
20061212,2006-12-12,12,12,December,4,2006,Tuesday,0
20061213,2006-12-13,13,12,December,4,2006,Wednesday,0
20061214,2006-12-14,14,12,December,4,2006,Thursday,0
20061215,2006-12-15,15,12,December,4,2006,Friday,0
20061216,2006-12-16,16,12,December,4,2006,Saturday,1
20061217,2006-12-17,17,12,December,4,2006,Sunday,1
20061218,2006-12-18,18,12,December,4,2006,Monday,0
20061219,2006-12-19,19,12,December,4,2006,Tuesday,0
20061220,2006-12-20,20,12,December,4,2006,Wednesday,0
20061221,2006-12-21,21,12,December,4,2006,Thursday,0
20061222,2006-12-22,22,12,December,4,2006,Friday,0
20061223,2006-12-23,23,12,December,4,2006,Saturday,1
20061224,2006-12-24,24,12,December,4,2006,Sunday,1
20061225,2006-12-25,25,12,December,4,2006,Monday,0
20061226,2006-12-26,26,12,December,4,2006,Tuesday,0
20061227,2006-12-27,27,12,December,4,2006,Wednesday,0
20061228,2006-12-28,28,12,December,4,2006,Thursday,0
20061229,2006-12-29,29,12,December,4,2006,Friday,0
20061230,2006-12-30,30,12,December,4,2006,Saturday,1
20061231,2006-12-31,31,12,December,4,2006,Sunday,1
